<?xml version="1.0" encoding="UTF-8" standalone="no" ?>
<Lib xmlns:xsd="http://www.w3.org/2001/XMLSchema" xmlns:xsi="http://www.w3.org/2001/XMLSchema-instance" xsi:noNamespaceSchemaLocation="olb.xsd">

  <Defn name="C:\TEMP\ATMEGA328PB-AU.OLB"/>

  <DefaultValues>
    <Defn/>
    <DefaultFont>
      <Defn escapement="0" height="-9" index="0" italic="0" name="Arial" orientation="0" weight="400" width="4"/>
    </DefaultFont>
    <DefaultFont>
      <Defn escapement="0" height="-9" index="1" italic="0" name="Arial" orientation="0" weight="400" width="4"/>
    </DefaultFont>
    <DefaultFont>
      <Defn escapement="0" height="-9" index="2" italic="0" name="Arial" orientation="0" weight="400" width="4"/>
    </DefaultFont>
    <DefaultFont>
      <Defn escapement="0" height="8" index="3" italic="0" name="Arial" orientation="0" weight="400" width="0"/>
    </DefaultFont>
    <DefaultFont>
      <Defn escapement="0" height="8" index="4" italic="0" name="Arial" orientation="0" weight="400" width="0"/>
    </DefaultFont>
    <DefaultFont>
      <Defn escapement="0" height="-9" index="5" italic="0" name="Arial" orientation="0" weight="400" width="4"/>
    </DefaultFont>
    <DefaultFont>
      <Defn escapement="0" height="-9" index="6" italic="0" name="Arial" orientation="0" weight="400" width="4"/>
    </DefaultFont>
    <DefaultFont>
      <Defn escapement="0" height="-9" index="7" italic="0" name="Arial" orientation="0" weight="400" width="4"/>
    </DefaultFont>
    <DefaultFont>
      <Defn escapement="0" height="-9" index="8" italic="0" name="Arial" orientation="0" weight="400" width="4"/>
    </DefaultFont>
    <DefaultFont>
      <Defn escapement="0" height="-9" index="9" italic="0" name="Arial" orientation="0" weight="400" width="4"/>
    </DefaultFont>
    <DefaultFont>
      <Defn escapement="0" height="-9" index="10" italic="0" name="Arial" orientation="0" weight="400" width="4"/>
    </DefaultFont>
    <DefaultFont>
      <Defn escapement="0" height="-9" index="11" italic="0" name="Arial" orientation="0" weight="400" width="4"/>
    </DefaultFont>
    <DefaultFont>
      <Defn escapement="0" height="-9" index="12" italic="0" name="Arial" orientation="0" weight="400" width="4"/>
    </DefaultFont>
    <DefaultFont>
      <Defn escapement="0" height="-9" index="13" italic="0" name="Courier New" orientation="0" weight="400" width="5"/>
    </DefaultFont>
    <DefaultFont>
      <Defn escapement="0" height="-9" index="14" italic="0" name="Arial" orientation="0" weight="400" width="4"/>
    </DefaultFont>
    <DefaultFont>
      <Defn escapement="0" height="-9" index="15" italic="0" name="Arial" orientation="0" weight="400" width="4"/>
    </DefaultFont>
    <DefaultFont>
      <Defn escapement="0" height="-9" index="16" italic="0" name="Arial" orientation="0" weight="400" width="4"/>
    </DefaultFont>
    <DefaultFont>
      <Defn escapement="0" height="8" index="17" italic="0" name="Arial" orientation="0" weight="400" width="0"/>
    </DefaultFont>
    <DefaultFont>
      <Defn escapement="0" height="8" index="18" italic="0" name="Arial" orientation="0" weight="400" width="0"/>
    </DefaultFont>
    <DefaultFont>
      <Defn escapement="0" height="8" index="19" italic="0" name="Arial" orientation="0" weight="400" width="0"/>
    </DefaultFont>
    <DefaultFont>
      <Defn escapement="0" height="8" index="20" italic="0" name="Arial" orientation="0" weight="400" width="0"/>
    </DefaultFont>
    <DefaultFont>
      <Defn escapement="0" height="8" index="21" italic="0" name="Arial" orientation="0" weight="400" width="0"/>
    </DefaultFont>
    <DefaultFont>
      <Defn escapement="0" height="8" index="22" italic="0" name="Arial" orientation="0" weight="400" width="0"/>
    </DefaultFont>
    <DefaultFont>
      <Defn escapement="0" height="8" index="23" italic="0" name="Arial" orientation="0" weight="400" width="0"/>
    </DefaultFont>
    <DefaultPageRec>
      <Defn ANSIGridRefs="1" BorderDisplayed="1" BorderPrinted="1" GridRefDisplayed="1" GridRefPrinted="1" HorizontalLabelCount="5" HorizontalLabelIsAscending="0" HorizontalLabelIsChar="0" HorizontalLabelWidth="100" IsMetric="0" PinToPin="100" TitleBlockDisplayed="1" TitleBlockPrinted="1" VerticalLabelCount="4" VerticalLabelIsAscending="0" VerticalLabelIsChar="1" VerticalLabelWidth="100"/>
    </DefaultPageRec>
    <DefaultPlacedInstIsPrimitive>
      <Defn val="0"/>
    </DefaultPlacedInstIsPrimitive>
    <DefaultDrawnInstIsPrimitive>
      <Defn val="0"/>
    </DefaultDrawnInstIsPrimitive>
    <DefaultPartFieldMapping>
      <Defn index="1" val="1ST PART FIELD"/>
    </DefaultPartFieldMapping>
    <DefaultPartFieldMapping>
      <Defn index="2" val="2ND PART FIELD"/>
    </DefaultPartFieldMapping>
    <DefaultPartFieldMapping>
      <Defn index="3" val="3RD PART FIELD"/>
    </DefaultPartFieldMapping>
    <DefaultPartFieldMapping>
      <Defn index="4" val="4TH PART FIELD"/>
    </DefaultPartFieldMapping>
    <DefaultPartFieldMapping>
      <Defn index="5" val="5TH PART FIELD"/>
    </DefaultPartFieldMapping>
    <DefaultPartFieldMapping>
      <Defn index="6" val="6TH PART FIELD"/>
    </DefaultPartFieldMapping>
    <DefaultPartFieldMapping>
      <Defn index="7" val="7TH PART FIELD"/>
    </DefaultPartFieldMapping>
    <DefaultPartFieldMapping>
      <Defn index="8" val="PCB Footprint"/>
    </DefaultPartFieldMapping>
  </DefaultValues>
  <Package>
    <Defn alphabeticNumbering="2" isHomogeneous="1" name="ATMEGA328PB-AU" pcbFootprint="QFP80P900X900X120-32N" pcbLib="" refdesPrefix="IC" timestamp="1574273828" timezone="1780"/>
    <LibPart>
      <Defn CellName="ATMEGA328PB-AU"/>
      <NormalView>
        <Defn suffix=".Normal"/>
        <SymbolDisplayProp>
          <Defn locX="285" locY="-25" name="Part Reference" rotation="0" textJustification="1"/>
          <PropFont>
            <Defn escapement="0" height="-9" italic="0" name="Arial" orientation="0" weight="400" width="4"/>
          </PropFont>
          <PropColor>
            <Defn val="48"/>
          </PropColor>
          <PropDispType>
            <Defn ValueIfValueExist="0" val="1"/>
          </PropDispType>
        </SymbolDisplayProp>
        <SymbolDisplayProp>
          <Defn locX="285" locY="-15" name="Value" rotation="0" textJustification="1"/>
          <PropFont>
            <Defn escapement="0" height="-9" italic="0" name="Arial" orientation="0" weight="400" width="4"/>
          </PropFont>
          <PropColor>
            <Defn val="48"/>
          </PropColor>
          <PropDispType>
            <Defn ValueIfValueExist="0" val="1"/>
          </PropDispType>
        </SymbolDisplayProp>
        <SymbolUserProp>
          <Defn name="Manufacturer_Name" val="Microchip"/>
        </SymbolUserProp>
        <SymbolUserProp>
          <Defn name="Manufacturer_Part_Number" val="ATMEGA328PB-AU"/>
        </SymbolUserProp>
        <SymbolUserProp>
          <Defn name="Mouser Part Number" val="556-ATMEGA328PB-AU"/>
        </SymbolUserProp>
        <SymbolUserProp>
          <Defn name="Mouser Price/Stock" val="https://www.mouser.com/Search/Refine.aspx?Keyword=556-ATMEGA328PB-AU"/>
        </SymbolUserProp>
        <SymbolUserProp>
          <Defn name="RS Part Number" val="1468928P"/>
        </SymbolUserProp>
        <SymbolUserProp>
          <Defn name="RS Price/Stock" val="http://uk.rs-online.com/web/p/products/1468928P"/>
        </SymbolUserProp>
        <SymbolUserProp>
          <Defn name="Description" val="ATMEL - ATMEGA328PB-AU - MCU, 8BIT, ATMEGA, 20MHZ, TQFP-32"/>
        </SymbolUserProp>
        <SymbolUserProp>
          <Defn name="Datasheet Link" val="http://www.farnell.com/datasheets/2014286.pdf"/>
        </SymbolUserProp>
        <SymbolUserProp>
          <Defn name="Height" val="1.2 mm"/>
        </SymbolUserProp>
        <SymbolUserProp>
          <Defn name="TJ" val="125"/>
        </SymbolUserProp>
        <SymbolUserProp>
          <Defn name="MTBF" val=""/>
        </SymbolUserProp>
        <SymbolUserProp>
          <Defn name="POWER" val=""/>
        </SymbolUserProp>
        <SymbolUserProp>
          <Defn name="SLOPE" val=""/>
        </SymbolUserProp>
        <SymbolUserProp>
          <Defn name="SUBTYPE" val="MCU SMD"/>
        </SymbolUserProp>
        <SymbolUserProp>
          <Defn name="PACKAGE" val="TQFP-32"/>
        </SymbolUserProp>
        <SymbolUserProp>
          <Defn name="RJA" val=""/>
        </SymbolUserProp>
        <SymbolUserProp>
          <Defn name="VCC_MAX" val="6"/>
        </SymbolUserProp>
        <SymbolUserProp>
          <Defn name="VCC_MIN" val=""/>
        </SymbolUserProp>
        <SymbolUserProp>
          <Defn name="IOUT_MAX" val=""/>
        </SymbolUserProp>
        <SymbolUserProp>
          <Defn name="IOUT_MIN" val=""/>
        </SymbolUserProp>
        <SymbolUserProp>
          <Defn name="ICC" val="100m"/>
        </SymbolUserProp>
        <SymbolUserProp>
          <Defn name="IGND" val="100m"/>
        </SymbolUserProp>
        <SymbolUserProp>
          <Defn name="RCA" val=""/>
        </SymbolUserProp>
        <SymbolUserProp>
          <Defn name="RJC" val=""/>
        </SymbolUserProp>
        <SymbolUserProp>
          <Defn name="ICCQ" val=""/>
        </SymbolUserProp>
        <SymbolUserProp>
          <Defn name="TECHNOLOGY" val="CMOS"/>
        </SymbolUserProp>
        <SymbolColor>
          <Defn val="48"/>
        </SymbolColor>
        <SymbolBBox>
          <Defn x1="0" x2="280" y1="0" y2="380"/>
        </SymbolBBox>
        <IsPinNumbersVisible>
          <Defn val="1"/>
        </IsPinNumbersVisible>
        <IsPinNamesRotated>
          <Defn val="1"/>
        </IsPinNamesRotated>
        <IsPinNamesVisible>
          <Defn val="1"/>
        </IsPinNamesVisible>
        <ContentsLibName>
          <Defn name=""/>
        </ContentsLibName>
        <ContentsViewName>
          <Defn name=""/>
        </ContentsViewName>
        <ContentsViewType>
          <Defn type="0"/>
        </ContentsViewType>
        <PartValue>
          <Defn name="ATMEGA328PB-AU"/>
        </PartValue>
        <Reference>
          <Defn name="IC"/>
        </Reference>
        <Line>
          <Defn lineStyle="0" lineWidth="0" x1="0" x2="280" y1="0" y2="0"/>
        </Line>
        <Line>
          <Defn lineStyle="0" lineWidth="0" x1="280" x2="280" y1="380" y2="0"/>
        </Line>
        <Line>
          <Defn lineStyle="0" lineWidth="0" x1="280" x2="0" y1="380" y2="380"/>
        </Line>
        <Line>
          <Defn lineStyle="0" lineWidth="0" x1="0" x2="0" y1="0" y2="380"/>
        </Line>
        <SymbolPinScalar>
          <Defn hotptX="-20" hotptY="150" name="(OC2B/INT1/PTCXY)_PD3" position="0" startX="0" startY="150" type="4" visible="1"/>
          <IsLong>
            <Defn val="0"/>
          </IsLong>
          <IsClock>
            <Defn val="0"/>
          </IsClock>
          <IsDot>
            <Defn val="0"/>
          </IsDot>
          <IsLeftPointing>
            <Defn val="0"/>
          </IsLeftPointing>
          <IsRightPointing>
            <Defn val="0"/>
          </IsRightPointing>
          <IsNetStyle>
            <Defn val="0"/>
          </IsNetStyle>
          <IsNoConnect>
            <Defn val="0"/>
          </IsNoConnect>
          <IsGlobal>
            <Defn val="0"/>
          </IsGlobal>
          <IsNumberVisible>
            <Defn val="1"/>
          </IsNumberVisible>
          <PinUserProp>
            <Defn name="VIH" val="3.3"/>
          </PinUserProp>
          <PinUserProp>
            <Defn name="VIL" val="1.65"/>
          </PinUserProp>
          <PinUserProp>
            <Defn name="VOH" val="4"/>
          </PinUserProp>
          <PinUserProp>
            <Defn name="VOL" val="0.9"/>
          </PinUserProp>
          <PinUserProp>
            <Defn name="PULL_UP" val="50k"/>
          </PinUserProp>
          <PinUserProp>
            <Defn name="IOUT" val="40m"/>
          </PinUserProp>
          <PinUserProp>
            <Defn name="VMIN" val="-0.5"/>
          </PinUserProp>
        </SymbolPinScalar>
        <SymbolPinScalar>
          <Defn hotptX="-20" hotptY="160" name="(XCK0/T0/PTCXY)_PD4" position="1" startX="0" startY="160" type="4" visible="1"/>
          <IsLong>
            <Defn val="0"/>
          </IsLong>
          <IsClock>
            <Defn val="0"/>
          </IsClock>
          <IsDot>
            <Defn val="0"/>
          </IsDot>
          <IsLeftPointing>
            <Defn val="0"/>
          </IsLeftPointing>
          <IsRightPointing>
            <Defn val="0"/>
          </IsRightPointing>
          <IsNetStyle>
            <Defn val="0"/>
          </IsNetStyle>
          <IsNoConnect>
            <Defn val="0"/>
          </IsNoConnect>
          <IsGlobal>
            <Defn val="0"/>
          </IsGlobal>
          <IsNumberVisible>
            <Defn val="1"/>
          </IsNumberVisible>
          <PinUserProp>
            <Defn name="VIH" val="3.3"/>
          </PinUserProp>
          <PinUserProp>
            <Defn name="VIL" val="1.65"/>
          </PinUserProp>
          <PinUserProp>
            <Defn name="VOH" val="4"/>
          </PinUserProp>
          <PinUserProp>
            <Defn name="VOL" val="0.9"/>
          </PinUserProp>
          <PinUserProp>
            <Defn name="PULL_UP" val="50k"/>
          </PinUserProp>
          <PinUserProp>
            <Defn name="IOUT" val="40m"/>
          </PinUserProp>
          <PinUserProp>
            <Defn name="VMIN" val="-0.5"/>
          </PinUserProp>
        </SymbolPinScalar>
        <SymbolPinScalar>
          <Defn hotptX="-20" hotptY="170" name="(SDA1/ICP4/ACO/PTCXY)_PE0" position="2" startX="0" startY="170" type="7" visible="1"/>
          <IsLong>
            <Defn val="0"/>
          </IsLong>
          <IsClock>
            <Defn val="0"/>
          </IsClock>
          <IsDot>
            <Defn val="0"/>
          </IsDot>
          <IsLeftPointing>
            <Defn val="0"/>
          </IsLeftPointing>
          <IsRightPointing>
            <Defn val="0"/>
          </IsRightPointing>
          <IsNetStyle>
            <Defn val="0"/>
          </IsNetStyle>
          <IsNoConnect>
            <Defn val="0"/>
          </IsNoConnect>
          <IsGlobal>
            <Defn val="0"/>
          </IsGlobal>
          <IsNumberVisible>
            <Defn val="1"/>
          </IsNumberVisible>
        </SymbolPinScalar>
        <SymbolPinScalar>
          <Defn hotptX="-20" hotptY="180" name="VCC" position="3" startX="0" startY="180" type="7" visible="1"/>
          <IsLong>
            <Defn val="0"/>
          </IsLong>
          <IsClock>
            <Defn val="0"/>
          </IsClock>
          <IsDot>
            <Defn val="0"/>
          </IsDot>
          <IsLeftPointing>
            <Defn val="0"/>
          </IsLeftPointing>
          <IsRightPointing>
            <Defn val="0"/>
          </IsRightPointing>
          <IsNetStyle>
            <Defn val="0"/>
          </IsNetStyle>
          <IsNoConnect>
            <Defn val="0"/>
          </IsNoConnect>
          <IsGlobal>
            <Defn val="0"/>
          </IsGlobal>
          <IsNumberVisible>
            <Defn val="1"/>
          </IsNumberVisible>
        </SymbolPinScalar>
        <SymbolPinScalar>
          <Defn hotptX="-20" hotptY="190" name="GND_1" position="4" startX="0" startY="190" type="4" visible="1"/>
          <IsLong>
            <Defn val="0"/>
          </IsLong>
          <IsClock>
            <Defn val="0"/>
          </IsClock>
          <IsDot>
            <Defn val="0"/>
          </IsDot>
          <IsLeftPointing>
            <Defn val="0"/>
          </IsLeftPointing>
          <IsRightPointing>
            <Defn val="0"/>
          </IsRightPointing>
          <IsNetStyle>
            <Defn val="0"/>
          </IsNetStyle>
          <IsNoConnect>
            <Defn val="0"/>
          </IsNoConnect>
          <IsGlobal>
            <Defn val="0"/>
          </IsGlobal>
          <IsNumberVisible>
            <Defn val="1"/>
          </IsNumberVisible>
          <PinUserProp>
            <Defn name="VIH" val="3.3"/>
          </PinUserProp>
          <PinUserProp>
            <Defn name="VIL" val="1.65"/>
          </PinUserProp>
          <PinUserProp>
            <Defn name="VOH" val="4"/>
          </PinUserProp>
          <PinUserProp>
            <Defn name="VOL" val="0.9"/>
          </PinUserProp>
          <PinUserProp>
            <Defn name="PULL_UP" val="50k"/>
          </PinUserProp>
          <PinUserProp>
            <Defn name="IOUT" val="40m"/>
          </PinUserProp>
          <PinUserProp>
            <Defn name="VMIN" val="-0.5"/>
          </PinUserProp>
        </SymbolPinScalar>
        <SymbolPinScalar>
          <Defn hotptX="-20" hotptY="200" name="(SCL1/T4/PTCXY)_PE1" position="5" startX="0" startY="200" type="4" visible="1"/>
          <IsLong>
            <Defn val="0"/>
          </IsLong>
          <IsClock>
            <Defn val="0"/>
          </IsClock>
          <IsDot>
            <Defn val="0"/>
          </IsDot>
          <IsLeftPointing>
            <Defn val="0"/>
          </IsLeftPointing>
          <IsRightPointing>
            <Defn val="0"/>
          </IsRightPointing>
          <IsNetStyle>
            <Defn val="0"/>
          </IsNetStyle>
          <IsNoConnect>
            <Defn val="0"/>
          </IsNoConnect>
          <IsGlobal>
            <Defn val="0"/>
          </IsGlobal>
          <IsNumberVisible>
            <Defn val="1"/>
          </IsNumberVisible>
          <PinUserProp>
            <Defn name="VIH" val="3.3"/>
          </PinUserProp>
          <PinUserProp>
            <Defn name="VIL" val="1.65"/>
          </PinUserProp>
          <PinUserProp>
            <Defn name="VOH" val="4"/>
          </PinUserProp>
          <PinUserProp>
            <Defn name="VOL" val="0.9"/>
          </PinUserProp>
          <PinUserProp>
            <Defn name="PULL_UP" val="50k"/>
          </PinUserProp>
          <PinUserProp>
            <Defn name="IOUT" val="40m"/>
          </PinUserProp>
          <PinUserProp>
            <Defn name="VMIN" val="-0.5"/>
          </PinUserProp>
        </SymbolPinScalar>
        <SymbolPinScalar>
          <Defn hotptX="-20" hotptY="210" name="(XTAL1/TOSC1)_PB6" position="6" startX="0" startY="210" type="4" visible="1"/>
          <IsLong>
            <Defn val="0"/>
          </IsLong>
          <IsClock>
            <Defn val="0"/>
          </IsClock>
          <IsDot>
            <Defn val="0"/>
          </IsDot>
          <IsLeftPointing>
            <Defn val="0"/>
          </IsLeftPointing>
          <IsRightPointing>
            <Defn val="0"/>
          </IsRightPointing>
          <IsNetStyle>
            <Defn val="0"/>
          </IsNetStyle>
          <IsNoConnect>
            <Defn val="0"/>
          </IsNoConnect>
          <IsGlobal>
            <Defn val="0"/>
          </IsGlobal>
          <IsNumberVisible>
            <Defn val="1"/>
          </IsNumberVisible>
          <PinUserProp>
            <Defn name="VIH" val="3.85"/>
          </PinUserProp>
          <PinUserProp>
            <Defn name="VIL" val="0.55"/>
          </PinUserProp>
          <PinUserProp>
            <Defn name="VOH" val="4"/>
          </PinUserProp>
          <PinUserProp>
            <Defn name="VOL" val="0.9"/>
          </PinUserProp>
          <PinUserProp>
            <Defn name="PULL_UP" val="50k"/>
          </PinUserProp>
          <PinUserProp>
            <Defn name="IOUT" val="40m"/>
          </PinUserProp>
          <PinUserProp>
            <Defn name="VMIN" val="-0.5"/>
          </PinUserProp>
        </SymbolPinScalar>
        <SymbolPinScalar>
          <Defn hotptX="-20" hotptY="220" name="(XTAL2/TOSC2)_PB7" position="7" startX="0" startY="220" type="4" visible="1"/>
          <IsLong>
            <Defn val="0"/>
          </IsLong>
          <IsClock>
            <Defn val="0"/>
          </IsClock>
          <IsDot>
            <Defn val="0"/>
          </IsDot>
          <IsLeftPointing>
            <Defn val="0"/>
          </IsLeftPointing>
          <IsRightPointing>
            <Defn val="0"/>
          </IsRightPointing>
          <IsNetStyle>
            <Defn val="0"/>
          </IsNetStyle>
          <IsNoConnect>
            <Defn val="0"/>
          </IsNoConnect>
          <IsGlobal>
            <Defn val="0"/>
          </IsGlobal>
          <IsNumberVisible>
            <Defn val="1"/>
          </IsNumberVisible>
          <PinUserProp>
            <Defn name="VIH" val="3.3"/>
          </PinUserProp>
          <PinUserProp>
            <Defn name="VIL" val="1.65"/>
          </PinUserProp>
          <PinUserProp>
            <Defn name="VOH" val="4"/>
          </PinUserProp>
          <PinUserProp>
            <Defn name="VOL" val="0.9"/>
          </PinUserProp>
          <PinUserProp>
            <Defn name="PULL_UP" val="50k"/>
          </PinUserProp>
          <PinUserProp>
            <Defn name="IOUT" val="40m"/>
          </PinUserProp>
          <PinUserProp>
            <Defn name="VMIN" val="-0.5"/>
          </PinUserProp>
        </SymbolPinScalar>
        <SymbolPinScalar>
          <Defn hotptX="100" hotptY="400" name="(OC0B/T1/PTCXY)_PD5" position="8" startX="100" startY="380" type="4" visible="1"/>
          <IsLong>
            <Defn val="0"/>
          </IsLong>
          <IsClock>
            <Defn val="0"/>
          </IsClock>
          <IsDot>
            <Defn val="0"/>
          </IsDot>
          <IsLeftPointing>
            <Defn val="0"/>
          </IsLeftPointing>
          <IsRightPointing>
            <Defn val="0"/>
          </IsRightPointing>
          <IsNetStyle>
            <Defn val="0"/>
          </IsNetStyle>
          <IsNoConnect>
            <Defn val="0"/>
          </IsNoConnect>
          <IsGlobal>
            <Defn val="0"/>
          </IsGlobal>
          <IsNumberVisible>
            <Defn val="1"/>
          </IsNumberVisible>
          <PinUserProp>
            <Defn name="VIH" val="3.3"/>
          </PinUserProp>
          <PinUserProp>
            <Defn name="VIL" val="1.65"/>
          </PinUserProp>
          <PinUserProp>
            <Defn name="VOH" val="4"/>
          </PinUserProp>
          <PinUserProp>
            <Defn name="VOL" val="0.9"/>
          </PinUserProp>
          <PinUserProp>
            <Defn name="PULL_UP" val="50k"/>
          </PinUserProp>
          <PinUserProp>
            <Defn name="IOUT" val="40m"/>
          </PinUserProp>
          <PinUserProp>
            <Defn name="VMIN" val="-0.5"/>
          </PinUserProp>
        </SymbolPinScalar>
        <SymbolPinScalar>
          <Defn hotptX="110" hotptY="400" name="(OC0A/PTCXY/AIN0)_PD6" position="9" startX="110" startY="380" type="4" visible="1"/>
          <IsLong>
            <Defn val="0"/>
          </IsLong>
          <IsClock>
            <Defn val="0"/>
          </IsClock>
          <IsDot>
            <Defn val="0"/>
          </IsDot>
          <IsLeftPointing>
            <Defn val="0"/>
          </IsLeftPointing>
          <IsRightPointing>
            <Defn val="0"/>
          </IsRightPointing>
          <IsNetStyle>
            <Defn val="0"/>
          </IsNetStyle>
          <IsNoConnect>
            <Defn val="0"/>
          </IsNoConnect>
          <IsGlobal>
            <Defn val="0"/>
          </IsGlobal>
          <IsNumberVisible>
            <Defn val="1"/>
          </IsNumberVisible>
          <PinUserProp>
            <Defn name="VIH" val="3.3"/>
          </PinUserProp>
          <PinUserProp>
            <Defn name="VIL" val="1.65"/>
          </PinUserProp>
          <PinUserProp>
            <Defn name="VOH" val="4"/>
          </PinUserProp>
          <PinUserProp>
            <Defn name="VOL" val="0.9"/>
          </PinUserProp>
          <PinUserProp>
            <Defn name="PULL_UP" val="50k"/>
          </PinUserProp>
          <PinUserProp>
            <Defn name="IOUT" val="40m"/>
          </PinUserProp>
          <PinUserProp>
            <Defn name="VMIN" val="-0.5"/>
          </PinUserProp>
        </SymbolPinScalar>
        <SymbolPinScalar>
          <Defn hotptX="120" hotptY="400" name="(PTCXY/AIN1)_PD7" position="10" startX="120" startY="380" type="4" visible="1"/>
          <IsLong>
            <Defn val="0"/>
          </IsLong>
          <IsClock>
            <Defn val="0"/>
          </IsClock>
          <IsDot>
            <Defn val="0"/>
          </IsDot>
          <IsLeftPointing>
            <Defn val="0"/>
          </IsLeftPointing>
          <IsRightPointing>
            <Defn val="0"/>
          </IsRightPointing>
          <IsNetStyle>
            <Defn val="0"/>
          </IsNetStyle>
          <IsNoConnect>
            <Defn val="0"/>
          </IsNoConnect>
          <IsGlobal>
            <Defn val="0"/>
          </IsGlobal>
          <IsNumberVisible>
            <Defn val="1"/>
          </IsNumberVisible>
          <PinUserProp>
            <Defn name="VIH" val="3.3"/>
          </PinUserProp>
          <PinUserProp>
            <Defn name="VIL" val="1.65"/>
          </PinUserProp>
          <PinUserProp>
            <Defn name="VOH" val="4"/>
          </PinUserProp>
          <PinUserProp>
            <Defn name="VOL" val="0.9"/>
          </PinUserProp>
          <PinUserProp>
            <Defn name="PULL_UP" val="50k"/>
          </PinUserProp>
          <PinUserProp>
            <Defn name="IOUT" val="40m"/>
          </PinUserProp>
          <PinUserProp>
            <Defn name="VMIN" val="-0.5"/>
          </PinUserProp>
        </SymbolPinScalar>
        <SymbolPinScalar>
          <Defn hotptX="130" hotptY="400" name="(ICP1/CLKO/PTCXY)_PB0" position="11" startX="130" startY="380" type="4" visible="1"/>
          <IsLong>
            <Defn val="0"/>
          </IsLong>
          <IsClock>
            <Defn val="0"/>
          </IsClock>
          <IsDot>
            <Defn val="0"/>
          </IsDot>
          <IsLeftPointing>
            <Defn val="0"/>
          </IsLeftPointing>
          <IsRightPointing>
            <Defn val="0"/>
          </IsRightPointing>
          <IsNetStyle>
            <Defn val="0"/>
          </IsNetStyle>
          <IsNoConnect>
            <Defn val="0"/>
          </IsNoConnect>
          <IsGlobal>
            <Defn val="0"/>
          </IsGlobal>
          <IsNumberVisible>
            <Defn val="1"/>
          </IsNumberVisible>
          <PinUserProp>
            <Defn name="VIH" val="3.3"/>
          </PinUserProp>
          <PinUserProp>
            <Defn name="VIL" val="1.65"/>
          </PinUserProp>
          <PinUserProp>
            <Defn name="VOH" val="4"/>
          </PinUserProp>
          <PinUserProp>
            <Defn name="VOL" val="0.9"/>
          </PinUserProp>
          <PinUserProp>
            <Defn name="PULL_UP" val="50k"/>
          </PinUserProp>
          <PinUserProp>
            <Defn name="IOUT" val="40m"/>
          </PinUserProp>
          <PinUserProp>
            <Defn name="VMIN" val="-0.5"/>
          </PinUserProp>
        </SymbolPinScalar>
        <SymbolPinScalar>
          <Defn hotptX="140" hotptY="400" name="(OC1A/PTCXY)_PB1" position="12" startX="140" startY="380" type="4" visible="1"/>
          <IsLong>
            <Defn val="0"/>
          </IsLong>
          <IsClock>
            <Defn val="0"/>
          </IsClock>
          <IsDot>
            <Defn val="0"/>
          </IsDot>
          <IsLeftPointing>
            <Defn val="0"/>
          </IsLeftPointing>
          <IsRightPointing>
            <Defn val="0"/>
          </IsRightPointing>
          <IsNetStyle>
            <Defn val="0"/>
          </IsNetStyle>
          <IsNoConnect>
            <Defn val="0"/>
          </IsNoConnect>
          <IsGlobal>
            <Defn val="0"/>
          </IsGlobal>
          <IsNumberVisible>
            <Defn val="1"/>
          </IsNumberVisible>
          <PinUserProp>
            <Defn name="VIH" val="3.3"/>
          </PinUserProp>
          <PinUserProp>
            <Defn name="VIL" val="1.65"/>
          </PinUserProp>
          <PinUserProp>
            <Defn name="VOH" val="4"/>
          </PinUserProp>
          <PinUserProp>
            <Defn name="VOL" val="0.9"/>
          </PinUserProp>
          <PinUserProp>
            <Defn name="PULL_UP" val="50k"/>
          </PinUserProp>
          <PinUserProp>
            <Defn name="IOUT" val="40m"/>
          </PinUserProp>
          <PinUserProp>
            <Defn name="VMIN" val="-0.5"/>
          </PinUserProp>
        </SymbolPinScalar>
        <SymbolPinScalar>
          <Defn hotptX="150" hotptY="400" name="(SS0/OC1B/PTCXY)_PB2" position="13" startX="150" startY="380" type="4" visible="1"/>
          <IsLong>
            <Defn val="0"/>
          </IsLong>
          <IsClock>
            <Defn val="0"/>
          </IsClock>
          <IsDot>
            <Defn val="0"/>
          </IsDot>
          <IsLeftPointing>
            <Defn val="0"/>
          </IsLeftPointing>
          <IsRightPointing>
            <Defn val="0"/>
          </IsRightPointing>
          <IsNetStyle>
            <Defn val="0"/>
          </IsNetStyle>
          <IsNoConnect>
            <Defn val="0"/>
          </IsNoConnect>
          <IsGlobal>
            <Defn val="0"/>
          </IsGlobal>
          <IsNumberVisible>
            <Defn val="1"/>
          </IsNumberVisible>
          <PinUserProp>
            <Defn name="VIH" val="3.3"/>
          </PinUserProp>
          <PinUserProp>
            <Defn name="VIL" val="1.65"/>
          </PinUserProp>
          <PinUserProp>
            <Defn name="VOH" val="4"/>
          </PinUserProp>
          <PinUserProp>
            <Defn name="VOL" val="0.9"/>
          </PinUserProp>
          <PinUserProp>
            <Defn name="PULL_UP" val="50k"/>
          </PinUserProp>
          <PinUserProp>
            <Defn name="IOUT" val="40m"/>
          </PinUserProp>
          <PinUserProp>
            <Defn name="VMIN" val="-0.5"/>
          </PinUserProp>
        </SymbolPinScalar>
        <SymbolPinScalar>
          <Defn hotptX="160" hotptY="400" name="(MOSI0/TXD1/OC2A/PTCXY)_PB3" position="14" startX="160" startY="380" type="4" visible="1"/>
          <IsLong>
            <Defn val="0"/>
          </IsLong>
          <IsClock>
            <Defn val="0"/>
          </IsClock>
          <IsDot>
            <Defn val="0"/>
          </IsDot>
          <IsLeftPointing>
            <Defn val="0"/>
          </IsLeftPointing>
          <IsRightPointing>
            <Defn val="0"/>
          </IsRightPointing>
          <IsNetStyle>
            <Defn val="0"/>
          </IsNetStyle>
          <IsNoConnect>
            <Defn val="0"/>
          </IsNoConnect>
          <IsGlobal>
            <Defn val="0"/>
          </IsGlobal>
          <IsNumberVisible>
            <Defn val="1"/>
          </IsNumberVisible>
          <PinUserProp>
            <Defn name="VIH" val="3.3"/>
          </PinUserProp>
          <PinUserProp>
            <Defn name="VIL" val="1.65"/>
          </PinUserProp>
          <PinUserProp>
            <Defn name="VOH" val="4"/>
          </PinUserProp>
          <PinUserProp>
            <Defn name="VOL" val="0.9"/>
          </PinUserProp>
          <PinUserProp>
            <Defn name="PULL_UP" val="50k"/>
          </PinUserProp>
          <PinUserProp>
            <Defn name="IOUT" val="40m"/>
          </PinUserProp>
          <PinUserProp>
            <Defn name="VMIN" val="-0.5"/>
          </PinUserProp>
        </SymbolPinScalar>
        <SymbolPinScalar>
          <Defn hotptX="170" hotptY="400" name="(MISO0/RXD1/PTCXY)_PB4" position="15" startX="170" startY="380" type="4" visible="1"/>
          <IsLong>
            <Defn val="0"/>
          </IsLong>
          <IsClock>
            <Defn val="0"/>
          </IsClock>
          <IsDot>
            <Defn val="0"/>
          </IsDot>
          <IsLeftPointing>
            <Defn val="0"/>
          </IsLeftPointing>
          <IsRightPointing>
            <Defn val="0"/>
          </IsRightPointing>
          <IsNetStyle>
            <Defn val="0"/>
          </IsNetStyle>
          <IsNoConnect>
            <Defn val="0"/>
          </IsNoConnect>
          <IsGlobal>
            <Defn val="0"/>
          </IsGlobal>
          <IsNumberVisible>
            <Defn val="1"/>
          </IsNumberVisible>
          <PinUserProp>
            <Defn name="VIH" val="3.3"/>
          </PinUserProp>
          <PinUserProp>
            <Defn name="VIL" val="1.65"/>
          </PinUserProp>
          <PinUserProp>
            <Defn name="VOH" val="4"/>
          </PinUserProp>
          <PinUserProp>
            <Defn name="VOL" val="0.9"/>
          </PinUserProp>
          <PinUserProp>
            <Defn name="PULL_UP" val="50k"/>
          </PinUserProp>
          <PinUserProp>
            <Defn name="IOUT" val="40m"/>
          </PinUserProp>
          <PinUserProp>
            <Defn name="VMIN" val="-0.5"/>
          </PinUserProp>
        </SymbolPinScalar>
        <SymbolPinScalar>
          <Defn hotptX="300" hotptY="150" name="PC1_(ADC1/PTCY/SCK1)" position="16" startX="280" startY="150" type="4" visible="1"/>
          <IsLong>
            <Defn val="0"/>
          </IsLong>
          <IsClock>
            <Defn val="0"/>
          </IsClock>
          <IsDot>
            <Defn val="0"/>
          </IsDot>
          <IsLeftPointing>
            <Defn val="0"/>
          </IsLeftPointing>
          <IsRightPointing>
            <Defn val="0"/>
          </IsRightPointing>
          <IsNetStyle>
            <Defn val="0"/>
          </IsNetStyle>
          <IsNoConnect>
            <Defn val="0"/>
          </IsNoConnect>
          <IsGlobal>
            <Defn val="0"/>
          </IsGlobal>
          <IsNumberVisible>
            <Defn val="1"/>
          </IsNumberVisible>
          <PinUserProp>
            <Defn name="VIH" val="3.3"/>
          </PinUserProp>
          <PinUserProp>
            <Defn name="VIL" val="1.65"/>
          </PinUserProp>
          <PinUserProp>
            <Defn name="VOH" val="4"/>
          </PinUserProp>
          <PinUserProp>
            <Defn name="VOL" val="0.9"/>
          </PinUserProp>
          <PinUserProp>
            <Defn name="PULL_UP" val="50k"/>
          </PinUserProp>
          <PinUserProp>
            <Defn name="IOUT" val="40m"/>
          </PinUserProp>
          <PinUserProp>
            <Defn name="VMIN" val="-0.5"/>
          </PinUserProp>
        </SymbolPinScalar>
        <SymbolPinScalar>
          <Defn hotptX="300" hotptY="160" name="PC0_(ADC0/PTCY/MISO1)" position="17" startX="280" startY="160" type="7" visible="1"/>
          <IsLong>
            <Defn val="0"/>
          </IsLong>
          <IsClock>
            <Defn val="0"/>
          </IsClock>
          <IsDot>
            <Defn val="0"/>
          </IsDot>
          <IsLeftPointing>
            <Defn val="0"/>
          </IsLeftPointing>
          <IsRightPointing>
            <Defn val="0"/>
          </IsRightPointing>
          <IsNetStyle>
            <Defn val="0"/>
          </IsNetStyle>
          <IsNoConnect>
            <Defn val="0"/>
          </IsNoConnect>
          <IsGlobal>
            <Defn val="0"/>
          </IsGlobal>
          <IsNumberVisible>
            <Defn val="1"/>
          </IsNumberVisible>
        </SymbolPinScalar>
        <SymbolPinScalar>
          <Defn hotptX="300" hotptY="170" name="PE3_(ADC7/PTCY/T3/MOSI1)" position="18" startX="280" startY="170" type="4" visible="1"/>
          <IsLong>
            <Defn val="0"/>
          </IsLong>
          <IsClock>
            <Defn val="0"/>
          </IsClock>
          <IsDot>
            <Defn val="0"/>
          </IsDot>
          <IsLeftPointing>
            <Defn val="0"/>
          </IsLeftPointing>
          <IsRightPointing>
            <Defn val="0"/>
          </IsRightPointing>
          <IsNetStyle>
            <Defn val="0"/>
          </IsNetStyle>
          <IsNoConnect>
            <Defn val="0"/>
          </IsNoConnect>
          <IsGlobal>
            <Defn val="0"/>
          </IsGlobal>
          <IsNumberVisible>
            <Defn val="1"/>
          </IsNumberVisible>
          <PinUserProp>
            <Defn name="VIH" val="3.3"/>
          </PinUserProp>
          <PinUserProp>
            <Defn name="VIL" val="1.65"/>
          </PinUserProp>
          <PinUserProp>
            <Defn name="VOH" val="4"/>
          </PinUserProp>
          <PinUserProp>
            <Defn name="VOL" val="0.9"/>
          </PinUserProp>
          <PinUserProp>
            <Defn name="PULL_UP" val="50k"/>
          </PinUserProp>
          <PinUserProp>
            <Defn name="IOUT" val="40m"/>
          </PinUserProp>
          <PinUserProp>
            <Defn name="VMIN" val="-0.5"/>
          </PinUserProp>
        </SymbolPinScalar>
        <SymbolPinScalar>
          <Defn hotptX="300" hotptY="180" name="GND_2" position="19" startX="280" startY="180" type="0" visible="1"/>
          <IsLong>
            <Defn val="0"/>
          </IsLong>
          <IsClock>
            <Defn val="0"/>
          </IsClock>
          <IsDot>
            <Defn val="0"/>
          </IsDot>
          <IsLeftPointing>
            <Defn val="0"/>
          </IsLeftPointing>
          <IsRightPointing>
            <Defn val="0"/>
          </IsRightPointing>
          <IsNetStyle>
            <Defn val="0"/>
          </IsNetStyle>
          <IsNoConnect>
            <Defn val="0"/>
          </IsNoConnect>
          <IsGlobal>
            <Defn val="0"/>
          </IsGlobal>
          <IsNumberVisible>
            <Defn val="1"/>
          </IsNumberVisible>
          <PinUserProp>
            <Defn name="VIH" val="3.3"/>
          </PinUserProp>
          <PinUserProp>
            <Defn name="VIL" val="1.65"/>
          </PinUserProp>
          <PinUserProp>
            <Defn name="PULL_UP" val="50k"/>
          </PinUserProp>
          <PinUserProp>
            <Defn name="IOUT" val="40m"/>
          </PinUserProp>
          <PinUserProp>
            <Defn name="VMIN" val="-0.5"/>
          </PinUserProp>
        </SymbolPinScalar>
        <SymbolPinScalar>
          <Defn hotptX="300" hotptY="190" name="AREF" position="20" startX="280" startY="190" type="7" visible="1"/>
          <IsLong>
            <Defn val="0"/>
          </IsLong>
          <IsClock>
            <Defn val="0"/>
          </IsClock>
          <IsDot>
            <Defn val="0"/>
          </IsDot>
          <IsLeftPointing>
            <Defn val="0"/>
          </IsLeftPointing>
          <IsRightPointing>
            <Defn val="0"/>
          </IsRightPointing>
          <IsNetStyle>
            <Defn val="0"/>
          </IsNetStyle>
          <IsNoConnect>
            <Defn val="0"/>
          </IsNoConnect>
          <IsGlobal>
            <Defn val="0"/>
          </IsGlobal>
          <IsNumberVisible>
            <Defn val="1"/>
          </IsNumberVisible>
        </SymbolPinScalar>
        <SymbolPinScalar>
          <Defn hotptX="300" hotptY="200" name="PE2_(ADC6/PTCY/ICP3/S\S\1\)\" position="21" startX="280" startY="200" type="4" visible="1"/>
          <IsLong>
            <Defn val="0"/>
          </IsLong>
          <IsClock>
            <Defn val="0"/>
          </IsClock>
          <IsDot>
            <Defn val="0"/>
          </IsDot>
          <IsLeftPointing>
            <Defn val="0"/>
          </IsLeftPointing>
          <IsRightPointing>
            <Defn val="0"/>
          </IsRightPointing>
          <IsNetStyle>
            <Defn val="0"/>
          </IsNetStyle>
          <IsNoConnect>
            <Defn val="0"/>
          </IsNoConnect>
          <IsGlobal>
            <Defn val="0"/>
          </IsGlobal>
          <IsNumberVisible>
            <Defn val="1"/>
          </IsNumberVisible>
          <PinUserProp>
            <Defn name="VIH" val="3.3"/>
          </PinUserProp>
          <PinUserProp>
            <Defn name="VIL" val="1.65"/>
          </PinUserProp>
          <PinUserProp>
            <Defn name="VOH" val="4"/>
          </PinUserProp>
          <PinUserProp>
            <Defn name="VOL" val="0.9"/>
          </PinUserProp>
          <PinUserProp>
            <Defn name="PULL_UP" val="50k"/>
          </PinUserProp>
          <PinUserProp>
            <Defn name="IOUT" val="40m"/>
          </PinUserProp>
          <PinUserProp>
            <Defn name="VMIN" val="-0.5"/>
          </PinUserProp>
        </SymbolPinScalar>
        <SymbolPinScalar>
          <Defn hotptX="300" hotptY="210" name="AVCC" position="22" startX="280" startY="210" type="4" visible="1"/>
          <IsLong>
            <Defn val="0"/>
          </IsLong>
          <IsClock>
            <Defn val="0"/>
          </IsClock>
          <IsDot>
            <Defn val="0"/>
          </IsDot>
          <IsLeftPointing>
            <Defn val="0"/>
          </IsLeftPointing>
          <IsRightPointing>
            <Defn val="0"/>
          </IsRightPointing>
          <IsNetStyle>
            <Defn val="0"/>
          </IsNetStyle>
          <IsNoConnect>
            <Defn val="0"/>
          </IsNoConnect>
          <IsGlobal>
            <Defn val="0"/>
          </IsGlobal>
          <IsNumberVisible>
            <Defn val="1"/>
          </IsNumberVisible>
          <PinUserProp>
            <Defn name="VIH" val="3.3"/>
          </PinUserProp>
          <PinUserProp>
            <Defn name="VIL" val="1.65"/>
          </PinUserProp>
          <PinUserProp>
            <Defn name="VOH" val="4"/>
          </PinUserProp>
          <PinUserProp>
            <Defn name="VOL" val="0.9"/>
          </PinUserProp>
          <PinUserProp>
            <Defn name="PULL_UP" val="50k"/>
          </PinUserProp>
          <PinUserProp>
            <Defn name="IOUT" val="40m"/>
          </PinUserProp>
          <PinUserProp>
            <Defn name="VMIN" val="-0.5"/>
          </PinUserProp>
        </SymbolPinScalar>
        <SymbolPinScalar>
          <Defn hotptX="300" hotptY="220" name="PB5_(PTCXY/XCK0/SCK0)" position="23" startX="280" startY="220" type="4" visible="1"/>
          <IsLong>
            <Defn val="0"/>
          </IsLong>
          <IsClock>
            <Defn val="0"/>
          </IsClock>
          <IsDot>
            <Defn val="0"/>
          </IsDot>
          <IsLeftPointing>
            <Defn val="0"/>
          </IsLeftPointing>
          <IsRightPointing>
            <Defn val="0"/>
          </IsRightPointing>
          <IsNetStyle>
            <Defn val="0"/>
          </IsNetStyle>
          <IsNoConnect>
            <Defn val="0"/>
          </IsNoConnect>
          <IsGlobal>
            <Defn val="0"/>
          </IsGlobal>
          <IsNumberVisible>
            <Defn val="1"/>
          </IsNumberVisible>
          <PinUserProp>
            <Defn name="VIH" val="3.3"/>
          </PinUserProp>
          <PinUserProp>
            <Defn name="VIL" val="1.65"/>
          </PinUserProp>
          <PinUserProp>
            <Defn name="VOH" val="4"/>
          </PinUserProp>
          <PinUserProp>
            <Defn name="VOL" val="0.9"/>
          </PinUserProp>
          <PinUserProp>
            <Defn name="PULL_UP" val="50k"/>
          </PinUserProp>
          <PinUserProp>
            <Defn name="IOUT" val="40m"/>
          </PinUserProp>
          <PinUserProp>
            <Defn name="VMIN" val="-0.5"/>
          </PinUserProp>
        </SymbolPinScalar>
        <SymbolPinScalar>
          <Defn hotptX="100" hotptY="-20" name="PD2_(PTCXY/INT0/OC3B/OC4B)" position="24" startX="100" startY="0" type="4" visible="1"/>
          <IsLong>
            <Defn val="0"/>
          </IsLong>
          <IsClock>
            <Defn val="0"/>
          </IsClock>
          <IsDot>
            <Defn val="0"/>
          </IsDot>
          <IsLeftPointing>
            <Defn val="0"/>
          </IsLeftPointing>
          <IsRightPointing>
            <Defn val="0"/>
          </IsRightPointing>
          <IsNetStyle>
            <Defn val="0"/>
          </IsNetStyle>
          <IsNoConnect>
            <Defn val="0"/>
          </IsNoConnect>
          <IsGlobal>
            <Defn val="0"/>
          </IsGlobal>
          <IsNumberVisible>
            <Defn val="1"/>
          </IsNumberVisible>
          <PinUserProp>
            <Defn name="VIH" val="3.3"/>
          </PinUserProp>
          <PinUserProp>
            <Defn name="VIL" val="1.65"/>
          </PinUserProp>
          <PinUserProp>
            <Defn name="VOH" val="4"/>
          </PinUserProp>
          <PinUserProp>
            <Defn name="VOL" val="0.9"/>
          </PinUserProp>
          <PinUserProp>
            <Defn name="PULL_UP" val="50k"/>
          </PinUserProp>
          <PinUserProp>
            <Defn name="IOUT" val="40m"/>
          </PinUserProp>
          <PinUserProp>
            <Defn name="VMIN" val="-0.5"/>
          </PinUserProp>
        </SymbolPinScalar>
        <SymbolPinScalar>
          <Defn hotptX="110" hotptY="-20" name="PD1_(PTCXY/OC4A/TXD0)" position="25" startX="110" startY="0" type="4" visible="1"/>
          <IsLong>
            <Defn val="0"/>
          </IsLong>
          <IsClock>
            <Defn val="0"/>
          </IsClock>
          <IsDot>
            <Defn val="0"/>
          </IsDot>
          <IsLeftPointing>
            <Defn val="0"/>
          </IsLeftPointing>
          <IsRightPointing>
            <Defn val="0"/>
          </IsRightPointing>
          <IsNetStyle>
            <Defn val="0"/>
          </IsNetStyle>
          <IsNoConnect>
            <Defn val="0"/>
          </IsNoConnect>
          <IsGlobal>
            <Defn val="0"/>
          </IsGlobal>
          <IsNumberVisible>
            <Defn val="1"/>
          </IsNumberVisible>
          <PinUserProp>
            <Defn name="VIH" val="3.3"/>
          </PinUserProp>
          <PinUserProp>
            <Defn name="VIL" val="1.65"/>
          </PinUserProp>
          <PinUserProp>
            <Defn name="VOH" val="4"/>
          </PinUserProp>
          <PinUserProp>
            <Defn name="VOL" val="0.9"/>
          </PinUserProp>
          <PinUserProp>
            <Defn name="PULL_UP" val="50k"/>
          </PinUserProp>
          <PinUserProp>
            <Defn name="IOUT" val="40m"/>
          </PinUserProp>
          <PinUserProp>
            <Defn name="VMIN" val="-0.5"/>
          </PinUserProp>
        </SymbolPinScalar>
        <SymbolPinScalar>
          <Defn hotptX="120" hotptY="-20" name="PD0_(PTCXY/OC3A/RXD0)" position="26" startX="120" startY="0" type="4" visible="1"/>
          <IsLong>
            <Defn val="0"/>
          </IsLong>
          <IsClock>
            <Defn val="0"/>
          </IsClock>
          <IsDot>
            <Defn val="0"/>
          </IsDot>
          <IsLeftPointing>
            <Defn val="0"/>
          </IsLeftPointing>
          <IsRightPointing>
            <Defn val="0"/>
          </IsRightPointing>
          <IsNetStyle>
            <Defn val="0"/>
          </IsNetStyle>
          <IsNoConnect>
            <Defn val="0"/>
          </IsNoConnect>
          <IsGlobal>
            <Defn val="0"/>
          </IsGlobal>
          <IsNumberVisible>
            <Defn val="1"/>
          </IsNumberVisible>
          <PinUserProp>
            <Defn name="VIH" val="3.3"/>
          </PinUserProp>
          <PinUserProp>
            <Defn name="VIL" val="1.65"/>
          </PinUserProp>
          <PinUserProp>
            <Defn name="VOH" val="4"/>
          </PinUserProp>
          <PinUserProp>
            <Defn name="VOL" val="0.9"/>
          </PinUserProp>
          <PinUserProp>
            <Defn name="PULL_UP" val="50k"/>
          </PinUserProp>
          <PinUserProp>
            <Defn name="IOUT" val="40m"/>
          </PinUserProp>
          <PinUserProp>
            <Defn name="VMIN" val="-0.5"/>
          </PinUserProp>
        </SymbolPinScalar>
        <SymbolPinScalar>
          <Defn hotptX="130" hotptY="-20" name="PC6_(R\E\S\E\T\)\" position="27" startX="130" startY="0" type="4" visible="1"/>
          <IsLong>
            <Defn val="0"/>
          </IsLong>
          <IsClock>
            <Defn val="0"/>
          </IsClock>
          <IsDot>
            <Defn val="0"/>
          </IsDot>
          <IsLeftPointing>
            <Defn val="0"/>
          </IsLeftPointing>
          <IsRightPointing>
            <Defn val="0"/>
          </IsRightPointing>
          <IsNetStyle>
            <Defn val="0"/>
          </IsNetStyle>
          <IsNoConnect>
            <Defn val="0"/>
          </IsNoConnect>
          <IsGlobal>
            <Defn val="0"/>
          </IsGlobal>
          <IsNumberVisible>
            <Defn val="1"/>
          </IsNumberVisible>
          <PinUserProp>
            <Defn name="VIH" val="3.3"/>
          </PinUserProp>
          <PinUserProp>
            <Defn name="VIL" val="1.65"/>
          </PinUserProp>
          <PinUserProp>
            <Defn name="VOH" val="4"/>
          </PinUserProp>
          <PinUserProp>
            <Defn name="VOL" val="0.9"/>
          </PinUserProp>
          <PinUserProp>
            <Defn name="PULL_UP" val="50k"/>
          </PinUserProp>
          <PinUserProp>
            <Defn name="IOUT" val="40m"/>
          </PinUserProp>
          <PinUserProp>
            <Defn name="VMIN" val="-0.5"/>
          </PinUserProp>
        </SymbolPinScalar>
        <SymbolPinScalar>
          <Defn hotptX="140" hotptY="-20" name="PC5_(ADC5/PTCY/SCL0)" position="28" startX="140" startY="0" type="4" visible="1"/>
          <IsLong>
            <Defn val="0"/>
          </IsLong>
          <IsClock>
            <Defn val="0"/>
          </IsClock>
          <IsDot>
            <Defn val="0"/>
          </IsDot>
          <IsLeftPointing>
            <Defn val="0"/>
          </IsLeftPointing>
          <IsRightPointing>
            <Defn val="0"/>
          </IsRightPointing>
          <IsNetStyle>
            <Defn val="0"/>
          </IsNetStyle>
          <IsNoConnect>
            <Defn val="0"/>
          </IsNoConnect>
          <IsGlobal>
            <Defn val="0"/>
          </IsGlobal>
          <IsNumberVisible>
            <Defn val="1"/>
          </IsNumberVisible>
          <PinUserProp>
            <Defn name="VIH" val="3.3"/>
          </PinUserProp>
          <PinUserProp>
            <Defn name="VIL" val="1.65"/>
          </PinUserProp>
          <PinUserProp>
            <Defn name="PULL_UP" val="60k"/>
          </PinUserProp>
          <PinUserProp>
            <Defn name="IOUT" val="40m"/>
          </PinUserProp>
          <PinUserProp>
            <Defn name="VMAX" val="13"/>
          </PinUserProp>
          <PinUserProp>
            <Defn name="VMIN" val="-0.5"/>
          </PinUserProp>
        </SymbolPinScalar>
        <SymbolPinScalar>
          <Defn hotptX="150" hotptY="-20" name="PC4_(ADC4/PTCY/SDA0)" position="29" startX="150" startY="0" type="4" visible="1"/>
          <IsLong>
            <Defn val="0"/>
          </IsLong>
          <IsClock>
            <Defn val="0"/>
          </IsClock>
          <IsDot>
            <Defn val="0"/>
          </IsDot>
          <IsLeftPointing>
            <Defn val="0"/>
          </IsLeftPointing>
          <IsRightPointing>
            <Defn val="0"/>
          </IsRightPointing>
          <IsNetStyle>
            <Defn val="0"/>
          </IsNetStyle>
          <IsNoConnect>
            <Defn val="0"/>
          </IsNoConnect>
          <IsGlobal>
            <Defn val="0"/>
          </IsGlobal>
          <IsNumberVisible>
            <Defn val="1"/>
          </IsNumberVisible>
          <PinUserProp>
            <Defn name="VIH" val="3.3"/>
          </PinUserProp>
          <PinUserProp>
            <Defn name="VIL" val="1.65"/>
          </PinUserProp>
          <PinUserProp>
            <Defn name="VOH" val="4"/>
          </PinUserProp>
          <PinUserProp>
            <Defn name="VOL" val="0.9"/>
          </PinUserProp>
          <PinUserProp>
            <Defn name="PULL_UP" val="50k"/>
          </PinUserProp>
          <PinUserProp>
            <Defn name="IOUT" val="40m"/>
          </PinUserProp>
          <PinUserProp>
            <Defn name="VMIN" val="-0.5"/>
          </PinUserProp>
        </SymbolPinScalar>
        <SymbolPinScalar>
          <Defn hotptX="160" hotptY="-20" name="PC3_(ADC3/PTCY)" position="30" startX="160" startY="0" type="4" visible="1"/>
          <IsLong>
            <Defn val="0"/>
          </IsLong>
          <IsClock>
            <Defn val="0"/>
          </IsClock>
          <IsDot>
            <Defn val="0"/>
          </IsDot>
          <IsLeftPointing>
            <Defn val="0"/>
          </IsLeftPointing>
          <IsRightPointing>
            <Defn val="0"/>
          </IsRightPointing>
          <IsNetStyle>
            <Defn val="0"/>
          </IsNetStyle>
          <IsNoConnect>
            <Defn val="0"/>
          </IsNoConnect>
          <IsGlobal>
            <Defn val="0"/>
          </IsGlobal>
          <IsNumberVisible>
            <Defn val="1"/>
          </IsNumberVisible>
          <PinUserProp>
            <Defn name="VIH" val="3.3"/>
          </PinUserProp>
          <PinUserProp>
            <Defn name="VIL" val="1.65"/>
          </PinUserProp>
          <PinUserProp>
            <Defn name="VOH" val="4"/>
          </PinUserProp>
          <PinUserProp>
            <Defn name="VOL" val="0.9"/>
          </PinUserProp>
          <PinUserProp>
            <Defn name="PULL_UP" val="50k"/>
          </PinUserProp>
          <PinUserProp>
            <Defn name="IOUT" val="40m"/>
          </PinUserProp>
          <PinUserProp>
            <Defn name="VMIN" val="-0.5"/>
          </PinUserProp>
        </SymbolPinScalar>
        <SymbolPinScalar>
          <Defn hotptX="170" hotptY="-20" name="PC2_(ADC2/PTCY)" position="31" startX="170" startY="0" type="4" visible="1"/>
          <IsLong>
            <Defn val="0"/>
          </IsLong>
          <IsClock>
            <Defn val="0"/>
          </IsClock>
          <IsDot>
            <Defn val="0"/>
          </IsDot>
          <IsLeftPointing>
            <Defn val="0"/>
          </IsLeftPointing>
          <IsRightPointing>
            <Defn val="0"/>
          </IsRightPointing>
          <IsNetStyle>
            <Defn val="0"/>
          </IsNetStyle>
          <IsNoConnect>
            <Defn val="0"/>
          </IsNoConnect>
          <IsGlobal>
            <Defn val="0"/>
          </IsGlobal>
          <IsNumberVisible>
            <Defn val="1"/>
          </IsNumberVisible>
          <PinUserProp>
            <Defn name="VIH" val="3.3"/>
          </PinUserProp>
          <PinUserProp>
            <Defn name="VIL" val="1.65"/>
          </PinUserProp>
          <PinUserProp>
            <Defn name="VOH" val="4"/>
          </PinUserProp>
          <PinUserProp>
            <Defn name="VOL" val="0.9"/>
          </PinUserProp>
          <PinUserProp>
            <Defn name="PULL_UP" val="50k"/>
          </PinUserProp>
          <PinUserProp>
            <Defn name="IOUT" val="40m"/>
          </PinUserProp>
          <PinUserProp>
            <Defn name="VMIN" val="-0.5"/>
          </PinUserProp>
        </SymbolPinScalar>
      </NormalView>
      <PhysicalPart>
        <Defn/>
        <PinNumber>
          <Defn number="1" position="0"/>
        </PinNumber>
        <PinNumber>
          <Defn number="2" position="1"/>
        </PinNumber>
        <PinNumber>
          <Defn number="3" position="2"/>
        </PinNumber>
        <PinNumber>
          <Defn number="4" position="3"/>
        </PinNumber>
        <PinNumber>
          <Defn number="5" position="4"/>
        </PinNumber>
        <PinNumber>
          <Defn number="6" position="5"/>
        </PinNumber>
        <PinNumber>
          <Defn number="7" position="6"/>
        </PinNumber>
        <PinNumber>
          <Defn number="8" position="7"/>
        </PinNumber>
        <PinNumber>
          <Defn number="9" position="8"/>
        </PinNumber>
        <PinNumber>
          <Defn number="10" position="9"/>
        </PinNumber>
        <PinNumber>
          <Defn number="11" position="10"/>
        </PinNumber>
        <PinNumber>
          <Defn number="12" position="11"/>
        </PinNumber>
        <PinNumber>
          <Defn number="13" position="12"/>
        </PinNumber>
        <PinNumber>
          <Defn number="14" position="13"/>
        </PinNumber>
        <PinNumber>
          <Defn number="15" position="14"/>
        </PinNumber>
        <PinNumber>
          <Defn number="16" position="15"/>
        </PinNumber>
        <PinNumber>
          <Defn number="24" position="16"/>
        </PinNumber>
        <PinNumber>
          <Defn number="23" position="17"/>
        </PinNumber>
        <PinNumber>
          <Defn number="22" position="18"/>
        </PinNumber>
        <PinNumber>
          <Defn number="21" position="19"/>
        </PinNumber>
        <PinNumber>
          <Defn number="20" position="20"/>
        </PinNumber>
        <PinNumber>
          <Defn number="19" position="21"/>
        </PinNumber>
        <PinNumber>
          <Defn number="18" position="22"/>
        </PinNumber>
        <PinNumber>
          <Defn number="17" position="23"/>
        </PinNumber>
        <PinNumber>
          <Defn number="32" position="24"/>
        </PinNumber>
        <PinNumber>
          <Defn number="31" position="25"/>
        </PinNumber>
        <PinNumber>
          <Defn number="30" position="26"/>
        </PinNumber>
        <PinNumber>
          <Defn number="29" position="27"/>
        </PinNumber>
        <PinNumber>
          <Defn number="28" position="28"/>
        </PinNumber>
        <PinNumber>
          <Defn number="27" position="29"/>
        </PinNumber>
        <PinNumber>
          <Defn number="26" position="30"/>
        </PinNumber>
        <PinNumber>
          <Defn number="25" position="31"/>
        </PinNumber>
      </PhysicalPart>
    </LibPart>
  </Package>

</Lib>
